<?xml version="1.0" encoding="UTF-8"?>
<export version="D">
  <design>
    <source>/Users/stephenyoung/KiCad/8-bit-computer/modules/RAM/RAM.sch</source>
    <date>Saturday, September 25, 2021 at 01:27:17 PM</date>
    <tool>Eeschema (5.1.10-1-10_14)</tool>
    <sheet number="1" name="/" tstamps="/">
      <title_block>
        <title/>
        <company/>
        <rev/>
        <date/>
        <source>RAM.sch</source>
        <comment number="1" value=""/>
        <comment number="2" value=""/>
        <comment number="3" value=""/>
        <comment number="4" value=""/>
      </title_block>
    </sheet>
  </design>
  <components>
    <comp ref="U3">
      <value>0603WAF1001T5E</value>
      <footprint>Resistor_SMD:R_0603_1608Metric</footprint>
      <fields>
        <field name="JCLC">C21190</field>
        <field name="R">1KΩ</field>
      </fields>
      <libsource lib="JLCPCB" part="0603WAF1001T5E" description="±1% ±100ppm/℃ 1kΩ 0.1W 0603 Chip Resistor - Surface Mount ROHS"/>
      <sheetpath names="/" tstamps="/"/>
      <tstamp>6402E191</tstamp>
    </comp>
    <comp ref="U5">
      <value>0603WAF1001T5E</value>
      <footprint>Resistor_SMD:R_0603_1608Metric</footprint>
      <fields>
        <field name="JCLC">C21190</field>
        <field name="R">1KΩ</field>
      </fields>
      <libsource lib="JLCPCB" part="0603WAF1001T5E" description="±1% ±100ppm/℃ 1kΩ 0.1W 0603 Chip Resistor - Surface Mount ROHS"/>
      <sheetpath names="/" tstamps="/"/>
      <tstamp>6402FA3C</tstamp>
    </comp>
    <comp ref="U7">
      <value>0603WAF1001T5E</value>
      <footprint>Resistor_SMD:R_0603_1608Metric</footprint>
      <fields>
        <field name="JCLC">C21190</field>
        <field name="R">1KΩ</field>
      </fields>
      <libsource lib="JLCPCB" part="0603WAF1001T5E" description="±1% ±100ppm/℃ 1kΩ 0.1W 0603 Chip Resistor - Surface Mount ROHS"/>
      <sheetpath names="/" tstamps="/"/>
      <tstamp>64030A4A</tstamp>
    </comp>
    <comp ref="U9">
      <value>0603WAF1001T5E</value>
      <footprint>Resistor_SMD:R_0603_1608Metric</footprint>
      <fields>
        <field name="JCLC">C21190</field>
        <field name="R">1KΩ</field>
      </fields>
      <libsource lib="JLCPCB" part="0603WAF1001T5E" description="±1% ±100ppm/℃ 1kΩ 0.1W 0603 Chip Resistor - Surface Mount ROHS"/>
      <sheetpath names="/" tstamps="/"/>
      <tstamp>64030A6D</tstamp>
    </comp>
    <comp ref="U11">
      <value>0603WAF1001T5E</value>
      <footprint>Resistor_SMD:R_0603_1608Metric</footprint>
      <fields>
        <field name="JCLC">C21190</field>
        <field name="R">1KΩ</field>
      </fields>
      <libsource lib="JLCPCB" part="0603WAF1001T5E" description="±1% ±100ppm/℃ 1kΩ 0.1W 0603 Chip Resistor - Surface Mount ROHS"/>
      <sheetpath names="/" tstamps="/"/>
      <tstamp>64032B1B</tstamp>
    </comp>
    <comp ref="U13">
      <value>0603WAF1001T5E</value>
      <footprint>Resistor_SMD:R_0603_1608Metric</footprint>
      <fields>
        <field name="JCLC">C21190</field>
        <field name="R">1KΩ</field>
      </fields>
      <libsource lib="JLCPCB" part="0603WAF1001T5E" description="±1% ±100ppm/℃ 1kΩ 0.1W 0603 Chip Resistor - Surface Mount ROHS"/>
      <sheetpath names="/" tstamps="/"/>
      <tstamp>64032B3E</tstamp>
    </comp>
    <comp ref="U15">
      <value>0603WAF1001T5E</value>
      <footprint>Resistor_SMD:R_0603_1608Metric</footprint>
      <fields>
        <field name="JCLC">C21190</field>
        <field name="R">1KΩ</field>
      </fields>
      <libsource lib="JLCPCB" part="0603WAF1001T5E" description="±1% ±100ppm/℃ 1kΩ 0.1W 0603 Chip Resistor - Surface Mount ROHS"/>
      <sheetpath names="/" tstamps="/"/>
      <tstamp>64032B61</tstamp>
    </comp>
    <comp ref="U17">
      <value>0603WAF1001T5E</value>
      <footprint>Resistor_SMD:R_0603_1608Metric</footprint>
      <fields>
        <field name="JCLC">C21190</field>
        <field name="R">1KΩ</field>
      </fields>
      <libsource lib="JLCPCB" part="0603WAF1001T5E" description="±1% ±100ppm/℃ 1kΩ 0.1W 0603 Chip Resistor - Surface Mount ROHS"/>
      <sheetpath names="/" tstamps="/"/>
      <tstamp>64032B84</tstamp>
    </comp>
    <comp ref="U19">
      <value>0603WAF1001T5E</value>
      <footprint>Resistor_SMD:R_0603_1608Metric</footprint>
      <fields>
        <field name="JCLC">C21190</field>
        <field name="R">1KΩ</field>
      </fields>
      <libsource lib="JLCPCB" part="0603WAF1001T5E" description="±1% ±100ppm/℃ 1kΩ 0.1W 0603 Chip Resistor - Surface Mount ROHS"/>
      <sheetpath names="/" tstamps="/"/>
      <tstamp>640381FA</tstamp>
    </comp>
    <comp ref="U21">
      <value>0603WAF1001T5E</value>
      <footprint>Resistor_SMD:R_0603_1608Metric</footprint>
      <fields>
        <field name="JCLC">C21190</field>
        <field name="R">1KΩ</field>
      </fields>
      <libsource lib="JLCPCB" part="0603WAF1001T5E" description="±1% ±100ppm/℃ 1kΩ 0.1W 0603 Chip Resistor - Surface Mount ROHS"/>
      <sheetpath names="/" tstamps="/"/>
      <tstamp>6403821D</tstamp>
    </comp>
    <comp ref="U23">
      <value>0603WAF1001T5E</value>
      <footprint>Resistor_SMD:R_0603_1608Metric</footprint>
      <fields>
        <field name="JCLC">C21190</field>
        <field name="R">1KΩ</field>
      </fields>
      <libsource lib="JLCPCB" part="0603WAF1001T5E" description="±1% ±100ppm/℃ 1kΩ 0.1W 0603 Chip Resistor - Surface Mount ROHS"/>
      <sheetpath names="/" tstamps="/"/>
      <tstamp>64038240</tstamp>
    </comp>
    <comp ref="U25">
      <value>0603WAF1001T5E</value>
      <footprint>Resistor_SMD:R_0603_1608Metric</footprint>
      <fields>
        <field name="JCLC">C21190</field>
        <field name="R">1KΩ</field>
      </fields>
      <libsource lib="JLCPCB" part="0603WAF1001T5E" description="±1% ±100ppm/℃ 1kΩ 0.1W 0603 Chip Resistor - Surface Mount ROHS"/>
      <sheetpath names="/" tstamps="/"/>
      <tstamp>64038263</tstamp>
    </comp>
    <comp ref="U27">
      <value>0603WAF1001T5E</value>
      <footprint>Resistor_SMD:R_0603_1608Metric</footprint>
      <fields>
        <field name="JCLC">C21190</field>
        <field name="R">1KΩ</field>
      </fields>
      <libsource lib="JLCPCB" part="0603WAF1001T5E" description="±1% ±100ppm/℃ 1kΩ 0.1W 0603 Chip Resistor - Surface Mount ROHS"/>
      <sheetpath names="/" tstamps="/"/>
      <tstamp>64038286</tstamp>
    </comp>
    <comp ref="U29">
      <value>0603WAF1001T5E</value>
      <footprint>Resistor_SMD:R_0603_1608Metric</footprint>
      <fields>
        <field name="JCLC">C21190</field>
        <field name="R">1KΩ</field>
      </fields>
      <libsource lib="JLCPCB" part="0603WAF1001T5E" description="±1% ±100ppm/℃ 1kΩ 0.1W 0603 Chip Resistor - Surface Mount ROHS"/>
      <sheetpath names="/" tstamps="/"/>
      <tstamp>640382A9</tstamp>
    </comp>
    <comp ref="U31">
      <value>0603WAF1001T5E</value>
      <footprint>Resistor_SMD:R_0603_1608Metric</footprint>
      <fields>
        <field name="JCLC">C21190</field>
        <field name="R">1KΩ</field>
      </fields>
      <libsource lib="JLCPCB" part="0603WAF1001T5E" description="±1% ±100ppm/℃ 1kΩ 0.1W 0603 Chip Resistor - Surface Mount ROHS"/>
      <sheetpath names="/" tstamps="/"/>
      <tstamp>640382CC</tstamp>
    </comp>
    <comp ref="U33">
      <value>0603WAF1001T5E</value>
      <footprint>Resistor_SMD:R_0603_1608Metric</footprint>
      <fields>
        <field name="JCLC">C21190</field>
        <field name="R">1KΩ</field>
      </fields>
      <libsource lib="JLCPCB" part="0603WAF1001T5E" description="±1% ±100ppm/℃ 1kΩ 0.1W 0603 Chip Resistor - Surface Mount ROHS"/>
      <sheetpath names="/" tstamps="/"/>
      <tstamp>640382EF</tstamp>
    </comp>
    <comp ref="U67">
      <value>IS61WV25616BLL-10TLI</value>
      <footprint>Package_SO:TSOP-II-44_10.16x18.41mm_P0.8mm</footprint>
      <datasheet>https://datasheet.lcsc.com/lcsc/1810101110_ISSI-Integrated-Silicon-Solution-IS61WV25616BLL-10TLI_C53825.pdf</datasheet>
      <fields>
        <field name="D">SRAM</field>
        <field name="JCLC">C53825</field>
      </fields>
      <libsource lib="JLCPCB" part="IS61WV25616BLL-10TLI" description="Parallel 4Mb (256K x 16) 2.4V ~ 3.6V Volatile TSOP(II)-44 SRAM ROHS"/>
      <sheetpath names="/" tstamps="/"/>
      <tstamp>641FB2C0</tstamp>
    </comp>
    <comp ref="J1">
      <value>Conn_01x08</value>
      <footprint>Connector_PinHeader_2.54mm:PinHeader_1x08_P2.54mm_Vertical</footprint>
      <datasheet>~</datasheet>
      <libsource lib="Connector_Generic" part="Conn_01x08" description="Generic connector, single row, 01x08, script generated (kicad-library-utils/schlib/autogen/connector/)"/>
      <sheetpath names="/" tstamps="/"/>
      <tstamp>64285E38</tstamp>
    </comp>
    <comp ref="U68">
      <value>74HC08D,653</value>
      <footprint>Package_SO:SOIC-14_3.9x8.7mm_P1.27mm</footprint>
      <datasheet>https://datasheet.lcsc.com/lcsc/2006241032_Nexperia-74HC08D,653_C5593.pdf</datasheet>
      <fields>
        <field name="JCLC">C5593</field>
        <field name="L">AND</field>
      </fields>
      <libsource lib="JLCPCB" part="74HC08D,653" description="Quad And2"/>
      <sheetpath names="/" tstamps="/"/>
      <tstamp>642A255C</tstamp>
    </comp>
    <comp ref="J2">
      <value>Conn_01x18</value>
      <footprint>Connector_PinHeader_2.54mm:PinHeader_1x18_P2.54mm_Vertical</footprint>
      <datasheet>~</datasheet>
      <libsource lib="Connector_Generic" part="Conn_01x18" description="Generic connector, single row, 01x18, script generated (kicad-library-utils/schlib/autogen/connector/)"/>
      <sheetpath names="/" tstamps="/"/>
      <tstamp>64343275</tstamp>
    </comp>
    <comp ref="J3">
      <value>Conn_01x16</value>
      <footprint>Connector_PinHeader_2.54mm:PinHeader_1x16_P2.54mm_Vertical</footprint>
      <datasheet>~</datasheet>
      <libsource lib="Connector_Generic" part="Conn_01x16" description="Generic connector, single row, 01x16, script generated (kicad-library-utils/schlib/autogen/connector/)"/>
      <sheetpath names="/" tstamps="/"/>
      <tstamp>6434E52A</tstamp>
    </comp>
    <comp ref="U2">
      <value>19-213_Y2C-CQ2R2L_3T(CY)</value>
      <footprint>LED_SMD:LED_0603_1608Metric</footprint>
      <fields>
        <field name="Color">YLW</field>
        <field name="Description">Yellow 585.5~591.5nm 0603 Light Emitting Diodes (LED) ROHS</field>
        <field name="JCLC">C72038</field>
      </fields>
      <libsource lib="JLCPCB" part="19-213_Y2C-CQ2R2L_3T(CY)" description="BASIC - Yellow 585.5~591.5nm 0603 Light Emitting Diodes (LED) ROHS"/>
      <sheetpath names="/" tstamps="/"/>
      <tstamp>6770F816</tstamp>
    </comp>
    <comp ref="U6">
      <value>19-213_Y2C-CQ2R2L_3T(CY)</value>
      <footprint>LED_SMD:LED_0603_1608Metric</footprint>
      <fields>
        <field name="Color">YLW</field>
        <field name="Description">Yellow 585.5~591.5nm 0603 Light Emitting Diodes (LED) ROHS</field>
        <field name="JCLC">C72038</field>
      </fields>
      <libsource lib="JLCPCB" part="19-213_Y2C-CQ2R2L_3T(CY)" description="BASIC - Yellow 585.5~591.5nm 0603 Light Emitting Diodes (LED) ROHS"/>
      <sheetpath names="/" tstamps="/"/>
      <tstamp>677104CE</tstamp>
    </comp>
    <comp ref="U10">
      <value>19-213_Y2C-CQ2R2L_3T(CY)</value>
      <footprint>LED_SMD:LED_0603_1608Metric</footprint>
      <fields>
        <field name="Color">YLW</field>
        <field name="Description">Yellow 585.5~591.5nm 0603 Light Emitting Diodes (LED) ROHS</field>
        <field name="JCLC">C72038</field>
      </fields>
      <libsource lib="JLCPCB" part="19-213_Y2C-CQ2R2L_3T(CY)" description="BASIC - Yellow 585.5~591.5nm 0603 Light Emitting Diodes (LED) ROHS"/>
      <sheetpath names="/" tstamps="/"/>
      <tstamp>6771112B</tstamp>
    </comp>
    <comp ref="U14">
      <value>19-213_Y2C-CQ2R2L_3T(CY)</value>
      <footprint>LED_SMD:LED_0603_1608Metric</footprint>
      <fields>
        <field name="Color">YLW</field>
        <field name="Description">Yellow 585.5~591.5nm 0603 Light Emitting Diodes (LED) ROHS</field>
        <field name="JCLC">C72038</field>
      </fields>
      <libsource lib="JLCPCB" part="19-213_Y2C-CQ2R2L_3T(CY)" description="BASIC - Yellow 585.5~591.5nm 0603 Light Emitting Diodes (LED) ROHS"/>
      <sheetpath names="/" tstamps="/"/>
      <tstamp>67711138</tstamp>
    </comp>
    <comp ref="U18">
      <value>19-213_Y2C-CQ2R2L_3T(CY)</value>
      <footprint>LED_SMD:LED_0603_1608Metric</footprint>
      <fields>
        <field name="Color">YLW</field>
        <field name="Description">Yellow 585.5~591.5nm 0603 Light Emitting Diodes (LED) ROHS</field>
        <field name="JCLC">C72038</field>
      </fields>
      <libsource lib="JLCPCB" part="19-213_Y2C-CQ2R2L_3T(CY)" description="BASIC - Yellow 585.5~591.5nm 0603 Light Emitting Diodes (LED) ROHS"/>
      <sheetpath names="/" tstamps="/"/>
      <tstamp>67726E5C</tstamp>
    </comp>
    <comp ref="U22">
      <value>19-213_Y2C-CQ2R2L_3T(CY)</value>
      <footprint>LED_SMD:LED_0603_1608Metric</footprint>
      <fields>
        <field name="Color">YLW</field>
        <field name="Description">Yellow 585.5~591.5nm 0603 Light Emitting Diodes (LED) ROHS</field>
        <field name="JCLC">C72038</field>
      </fields>
      <libsource lib="JLCPCB" part="19-213_Y2C-CQ2R2L_3T(CY)" description="BASIC - Yellow 585.5~591.5nm 0603 Light Emitting Diodes (LED) ROHS"/>
      <sheetpath names="/" tstamps="/"/>
      <tstamp>67726E69</tstamp>
    </comp>
    <comp ref="U26">
      <value>19-213_Y2C-CQ2R2L_3T(CY)</value>
      <footprint>LED_SMD:LED_0603_1608Metric</footprint>
      <fields>
        <field name="Color">YLW</field>
        <field name="Description">Yellow 585.5~591.5nm 0603 Light Emitting Diodes (LED) ROHS</field>
        <field name="JCLC">C72038</field>
      </fields>
      <libsource lib="JLCPCB" part="19-213_Y2C-CQ2R2L_3T(CY)" description="BASIC - Yellow 585.5~591.5nm 0603 Light Emitting Diodes (LED) ROHS"/>
      <sheetpath names="/" tstamps="/"/>
      <tstamp>67726E76</tstamp>
    </comp>
    <comp ref="U30">
      <value>19-213_Y2C-CQ2R2L_3T(CY)</value>
      <footprint>LED_SMD:LED_0603_1608Metric</footprint>
      <fields>
        <field name="Color">YLW</field>
        <field name="Description">Yellow 585.5~591.5nm 0603 Light Emitting Diodes (LED) ROHS</field>
        <field name="JCLC">C72038</field>
      </fields>
      <libsource lib="JLCPCB" part="19-213_Y2C-CQ2R2L_3T(CY)" description="BASIC - Yellow 585.5~591.5nm 0603 Light Emitting Diodes (LED) ROHS"/>
      <sheetpath names="/" tstamps="/"/>
      <tstamp>67726E83</tstamp>
    </comp>
    <comp ref="U35">
      <value>19-213_Y2C-CQ2R2L_3T(CY)</value>
      <footprint>LED_SMD:LED_0603_1608Metric</footprint>
      <fields>
        <field name="Color">YLW</field>
        <field name="Description">Yellow 585.5~591.5nm 0603 Light Emitting Diodes (LED) ROHS</field>
        <field name="JCLC">C72038</field>
      </fields>
      <libsource lib="JLCPCB" part="19-213_Y2C-CQ2R2L_3T(CY)" description="BASIC - Yellow 585.5~591.5nm 0603 Light Emitting Diodes (LED) ROHS"/>
      <sheetpath names="/" tstamps="/"/>
      <tstamp>6773DEB9</tstamp>
    </comp>
    <comp ref="U39">
      <value>19-213_Y2C-CQ2R2L_3T(CY)</value>
      <footprint>LED_SMD:LED_0603_1608Metric</footprint>
      <fields>
        <field name="Color">YLW</field>
        <field name="Description">Yellow 585.5~591.5nm 0603 Light Emitting Diodes (LED) ROHS</field>
        <field name="JCLC">C72038</field>
      </fields>
      <libsource lib="JLCPCB" part="19-213_Y2C-CQ2R2L_3T(CY)" description="BASIC - Yellow 585.5~591.5nm 0603 Light Emitting Diodes (LED) ROHS"/>
      <sheetpath names="/" tstamps="/"/>
      <tstamp>6773DEC6</tstamp>
    </comp>
    <comp ref="U43">
      <value>19-213_Y2C-CQ2R2L_3T(CY)</value>
      <footprint>LED_SMD:LED_0603_1608Metric</footprint>
      <fields>
        <field name="Color">YLW</field>
        <field name="Description">Yellow 585.5~591.5nm 0603 Light Emitting Diodes (LED) ROHS</field>
        <field name="JCLC">C72038</field>
      </fields>
      <libsource lib="JLCPCB" part="19-213_Y2C-CQ2R2L_3T(CY)" description="BASIC - Yellow 585.5~591.5nm 0603 Light Emitting Diodes (LED) ROHS"/>
      <sheetpath names="/" tstamps="/"/>
      <tstamp>6773DED3</tstamp>
    </comp>
    <comp ref="U47">
      <value>19-213_Y2C-CQ2R2L_3T(CY)</value>
      <footprint>LED_SMD:LED_0603_1608Metric</footprint>
      <fields>
        <field name="Color">YLW</field>
        <field name="Description">Yellow 585.5~591.5nm 0603 Light Emitting Diodes (LED) ROHS</field>
        <field name="JCLC">C72038</field>
      </fields>
      <libsource lib="JLCPCB" part="19-213_Y2C-CQ2R2L_3T(CY)" description="BASIC - Yellow 585.5~591.5nm 0603 Light Emitting Diodes (LED) ROHS"/>
      <sheetpath names="/" tstamps="/"/>
      <tstamp>6773DEE0</tstamp>
    </comp>
    <comp ref="U51">
      <value>19-213_Y2C-CQ2R2L_3T(CY)</value>
      <footprint>LED_SMD:LED_0603_1608Metric</footprint>
      <fields>
        <field name="Color">YLW</field>
        <field name="Description">Yellow 585.5~591.5nm 0603 Light Emitting Diodes (LED) ROHS</field>
        <field name="JCLC">C72038</field>
      </fields>
      <libsource lib="JLCPCB" part="19-213_Y2C-CQ2R2L_3T(CY)" description="BASIC - Yellow 585.5~591.5nm 0603 Light Emitting Diodes (LED) ROHS"/>
      <sheetpath names="/" tstamps="/"/>
      <tstamp>6773DEED</tstamp>
    </comp>
    <comp ref="U55">
      <value>19-213_Y2C-CQ2R2L_3T(CY)</value>
      <footprint>LED_SMD:LED_0603_1608Metric</footprint>
      <fields>
        <field name="Color">YLW</field>
        <field name="Description">Yellow 585.5~591.5nm 0603 Light Emitting Diodes (LED) ROHS</field>
        <field name="JCLC">C72038</field>
      </fields>
      <libsource lib="JLCPCB" part="19-213_Y2C-CQ2R2L_3T(CY)" description="BASIC - Yellow 585.5~591.5nm 0603 Light Emitting Diodes (LED) ROHS"/>
      <sheetpath names="/" tstamps="/"/>
      <tstamp>6773DEFA</tstamp>
    </comp>
    <comp ref="U59">
      <value>19-213_Y2C-CQ2R2L_3T(CY)</value>
      <footprint>LED_SMD:LED_0603_1608Metric</footprint>
      <fields>
        <field name="Color">YLW</field>
        <field name="Description">Yellow 585.5~591.5nm 0603 Light Emitting Diodes (LED) ROHS</field>
        <field name="JCLC">C72038</field>
      </fields>
      <libsource lib="JLCPCB" part="19-213_Y2C-CQ2R2L_3T(CY)" description="BASIC - Yellow 585.5~591.5nm 0603 Light Emitting Diodes (LED) ROHS"/>
      <sheetpath names="/" tstamps="/"/>
      <tstamp>6773DF07</tstamp>
    </comp>
    <comp ref="U63">
      <value>19-213_Y2C-CQ2R2L_3T(CY)</value>
      <footprint>LED_SMD:LED_0603_1608Metric</footprint>
      <fields>
        <field name="Color">YLW</field>
        <field name="Description">Yellow 585.5~591.5nm 0603 Light Emitting Diodes (LED) ROHS</field>
        <field name="JCLC">C72038</field>
      </fields>
      <libsource lib="JLCPCB" part="19-213_Y2C-CQ2R2L_3T(CY)" description="BASIC - Yellow 585.5~591.5nm 0603 Light Emitting Diodes (LED) ROHS"/>
      <sheetpath names="/" tstamps="/"/>
      <tstamp>6773DF14</tstamp>
    </comp>
    <comp ref="U65">
      <value>19-217_GHC-YR1S2_3T</value>
      <footprint>LED_SMD:LED_0603_1608Metric</footprint>
      <fields>
        <field name="Color">GRN</field>
        <field name="Description">Green 520~535nm - 0603 Light Emitting Diodes (LED) ROHS</field>
        <field name="JCLC">C72043</field>
      </fields>
      <libsource lib="JLCPCB" part="19-217_GHC-YR1S2_3T" description="BASIC - Green 520~535nm - 0603 Light Emitting Diodes (LED) ROHS"/>
      <sheetpath names="/" tstamps="/"/>
      <tstamp>677B6BC1</tstamp>
    </comp>
    <comp ref="U61">
      <value>19-217_GHC-YR1S2_3T</value>
      <footprint>LED_SMD:LED_0603_1608Metric</footprint>
      <fields>
        <field name="Color">GRN</field>
        <field name="Description">Green 520~535nm - 0603 Light Emitting Diodes (LED) ROHS</field>
        <field name="JCLC">C72043</field>
      </fields>
      <libsource lib="JLCPCB" part="19-217_GHC-YR1S2_3T" description="BASIC - Green 520~535nm - 0603 Light Emitting Diodes (LED) ROHS"/>
      <sheetpath names="/" tstamps="/"/>
      <tstamp>677B6BB4</tstamp>
    </comp>
    <comp ref="U57">
      <value>19-217_GHC-YR1S2_3T</value>
      <footprint>LED_SMD:LED_0603_1608Metric</footprint>
      <fields>
        <field name="Color">GRN</field>
        <field name="Description">Green 520~535nm - 0603 Light Emitting Diodes (LED) ROHS</field>
        <field name="JCLC">C72043</field>
      </fields>
      <libsource lib="JLCPCB" part="19-217_GHC-YR1S2_3T" description="BASIC - Green 520~535nm - 0603 Light Emitting Diodes (LED) ROHS"/>
      <sheetpath names="/" tstamps="/"/>
      <tstamp>677B6BA7</tstamp>
    </comp>
    <comp ref="U53">
      <value>19-217_GHC-YR1S2_3T</value>
      <footprint>LED_SMD:LED_0603_1608Metric</footprint>
      <fields>
        <field name="Color">GRN</field>
        <field name="Description">Green 520~535nm - 0603 Light Emitting Diodes (LED) ROHS</field>
        <field name="JCLC">C72043</field>
      </fields>
      <libsource lib="JLCPCB" part="19-217_GHC-YR1S2_3T" description="BASIC - Green 520~535nm - 0603 Light Emitting Diodes (LED) ROHS"/>
      <sheetpath names="/" tstamps="/"/>
      <tstamp>677B6B9A</tstamp>
    </comp>
    <comp ref="U49">
      <value>19-217_GHC-YR1S2_3T</value>
      <footprint>LED_SMD:LED_0603_1608Metric</footprint>
      <fields>
        <field name="Color">GRN</field>
        <field name="Description">Green 520~535nm - 0603 Light Emitting Diodes (LED) ROHS</field>
        <field name="JCLC">C72043</field>
      </fields>
      <libsource lib="JLCPCB" part="19-217_GHC-YR1S2_3T" description="BASIC - Green 520~535nm - 0603 Light Emitting Diodes (LED) ROHS"/>
      <sheetpath names="/" tstamps="/"/>
      <tstamp>677B6B8D</tstamp>
    </comp>
    <comp ref="U45">
      <value>19-217_GHC-YR1S2_3T</value>
      <footprint>LED_SMD:LED_0603_1608Metric</footprint>
      <fields>
        <field name="Color">GRN</field>
        <field name="Description">Green 520~535nm - 0603 Light Emitting Diodes (LED) ROHS</field>
        <field name="JCLC">C72043</field>
      </fields>
      <libsource lib="JLCPCB" part="19-217_GHC-YR1S2_3T" description="BASIC - Green 520~535nm - 0603 Light Emitting Diodes (LED) ROHS"/>
      <sheetpath names="/" tstamps="/"/>
      <tstamp>677B6B80</tstamp>
    </comp>
    <comp ref="U41">
      <value>19-217_GHC-YR1S2_3T</value>
      <footprint>LED_SMD:LED_0603_1608Metric</footprint>
      <fields>
        <field name="Color">GRN</field>
        <field name="Description">Green 520~535nm - 0603 Light Emitting Diodes (LED) ROHS</field>
        <field name="JCLC">C72043</field>
      </fields>
      <libsource lib="JLCPCB" part="19-217_GHC-YR1S2_3T" description="BASIC - Green 520~535nm - 0603 Light Emitting Diodes (LED) ROHS"/>
      <sheetpath names="/" tstamps="/"/>
      <tstamp>677B6B73</tstamp>
    </comp>
    <comp ref="U37">
      <value>19-217_GHC-YR1S2_3T</value>
      <footprint>LED_SMD:LED_0603_1608Metric</footprint>
      <fields>
        <field name="Color">GRN</field>
        <field name="Description">Green 520~535nm - 0603 Light Emitting Diodes (LED) ROHS</field>
        <field name="JCLC">C72043</field>
      </fields>
      <libsource lib="JLCPCB" part="19-217_GHC-YR1S2_3T" description="BASIC - Green 520~535nm - 0603 Light Emitting Diodes (LED) ROHS"/>
      <sheetpath names="/" tstamps="/"/>
      <tstamp>677B6B66</tstamp>
    </comp>
    <comp ref="U32">
      <value>19-217_GHC-YR1S2_3T</value>
      <footprint>LED_SMD:LED_0603_1608Metric</footprint>
      <fields>
        <field name="Color">GRN</field>
        <field name="Description">Green 520~535nm - 0603 Light Emitting Diodes (LED) ROHS</field>
        <field name="JCLC">C72043</field>
      </fields>
      <libsource lib="JLCPCB" part="19-217_GHC-YR1S2_3T" description="BASIC - Green 520~535nm - 0603 Light Emitting Diodes (LED) ROHS"/>
      <sheetpath names="/" tstamps="/"/>
      <tstamp>677A0162</tstamp>
    </comp>
    <comp ref="U28">
      <value>19-217_GHC-YR1S2_3T</value>
      <footprint>LED_SMD:LED_0603_1608Metric</footprint>
      <fields>
        <field name="Color">GRN</field>
        <field name="Description">Green 520~535nm - 0603 Light Emitting Diodes (LED) ROHS</field>
        <field name="JCLC">C72043</field>
      </fields>
      <libsource lib="JLCPCB" part="19-217_GHC-YR1S2_3T" description="BASIC - Green 520~535nm - 0603 Light Emitting Diodes (LED) ROHS"/>
      <sheetpath names="/" tstamps="/"/>
      <tstamp>677A0155</tstamp>
    </comp>
    <comp ref="U24">
      <value>19-217_GHC-YR1S2_3T</value>
      <footprint>LED_SMD:LED_0603_1608Metric</footprint>
      <fields>
        <field name="Color">GRN</field>
        <field name="Description">Green 520~535nm - 0603 Light Emitting Diodes (LED) ROHS</field>
        <field name="JCLC">C72043</field>
      </fields>
      <libsource lib="JLCPCB" part="19-217_GHC-YR1S2_3T" description="BASIC - Green 520~535nm - 0603 Light Emitting Diodes (LED) ROHS"/>
      <sheetpath names="/" tstamps="/"/>
      <tstamp>677A0148</tstamp>
    </comp>
    <comp ref="U20">
      <value>19-217_GHC-YR1S2_3T</value>
      <footprint>LED_SMD:LED_0603_1608Metric</footprint>
      <fields>
        <field name="Color">GRN</field>
        <field name="Description">Green 520~535nm - 0603 Light Emitting Diodes (LED) ROHS</field>
        <field name="JCLC">C72043</field>
      </fields>
      <libsource lib="JLCPCB" part="19-217_GHC-YR1S2_3T" description="BASIC - Green 520~535nm - 0603 Light Emitting Diodes (LED) ROHS"/>
      <sheetpath names="/" tstamps="/"/>
      <tstamp>677A013B</tstamp>
    </comp>
    <comp ref="U16">
      <value>19-217_GHC-YR1S2_3T</value>
      <footprint>LED_SMD:LED_0603_1608Metric</footprint>
      <fields>
        <field name="Color">GRN</field>
        <field name="Description">Green 520~535nm - 0603 Light Emitting Diodes (LED) ROHS</field>
        <field name="JCLC">C72043</field>
      </fields>
      <libsource lib="JLCPCB" part="19-217_GHC-YR1S2_3T" description="BASIC - Green 520~535nm - 0603 Light Emitting Diodes (LED) ROHS"/>
      <sheetpath names="/" tstamps="/"/>
      <tstamp>6779F208</tstamp>
    </comp>
    <comp ref="U12">
      <value>19-217_GHC-YR1S2_3T</value>
      <footprint>LED_SMD:LED_0603_1608Metric</footprint>
      <fields>
        <field name="Color">GRN</field>
        <field name="Description">Green 520~535nm - 0603 Light Emitting Diodes (LED) ROHS</field>
        <field name="JCLC">C72043</field>
      </fields>
      <libsource lib="JLCPCB" part="19-217_GHC-YR1S2_3T" description="BASIC - Green 520~535nm - 0603 Light Emitting Diodes (LED) ROHS"/>
      <sheetpath names="/" tstamps="/"/>
      <tstamp>6779EEDB</tstamp>
    </comp>
    <comp ref="U8">
      <value>19-217_GHC-YR1S2_3T</value>
      <footprint>LED_SMD:LED_0603_1608Metric</footprint>
      <fields>
        <field name="Color">GRN</field>
        <field name="Description">Green 520~535nm - 0603 Light Emitting Diodes (LED) ROHS</field>
        <field name="JCLC">C72043</field>
      </fields>
      <libsource lib="JLCPCB" part="19-217_GHC-YR1S2_3T" description="BASIC - Green 520~535nm - 0603 Light Emitting Diodes (LED) ROHS"/>
      <sheetpath names="/" tstamps="/"/>
      <tstamp>6779E918</tstamp>
    </comp>
    <comp ref="U4">
      <value>19-217_GHC-YR1S2_3T</value>
      <footprint>LED_SMD:LED_0603_1608Metric</footprint>
      <fields>
        <field name="Color">GRN</field>
        <field name="Description">Green 520~535nm - 0603 Light Emitting Diodes (LED) ROHS</field>
        <field name="JCLC">C72043</field>
      </fields>
      <libsource lib="JLCPCB" part="19-217_GHC-YR1S2_3T" description="BASIC - Green 520~535nm - 0603 Light Emitting Diodes (LED) ROHS"/>
      <sheetpath names="/" tstamps="/"/>
      <tstamp>6779E1D0</tstamp>
    </comp>
    <comp ref="U36">
      <value>0603WAF1001T5E</value>
      <footprint>Resistor_SMD:R_0603_1608Metric</footprint>
      <fields>
        <field name="JCLC">C21190</field>
        <field name="R">1KΩ</field>
      </fields>
      <libsource lib="JLCPCB" part="0603WAF1001T5E" description="±1% ±100ppm/℃ 1kΩ 0.1W 0603 Chip Resistor - Surface Mount ROHS"/>
      <sheetpath names="/" tstamps="/"/>
      <tstamp>640C35D9</tstamp>
    </comp>
    <comp ref="U38">
      <value>0603WAF1001T5E</value>
      <footprint>Resistor_SMD:R_0603_1608Metric</footprint>
      <fields>
        <field name="JCLC">C21190</field>
        <field name="R">1KΩ</field>
      </fields>
      <libsource lib="JLCPCB" part="0603WAF1001T5E" description="±1% ±100ppm/℃ 1kΩ 0.1W 0603 Chip Resistor - Surface Mount ROHS"/>
      <sheetpath names="/" tstamps="/"/>
      <tstamp>640C35EF</tstamp>
    </comp>
    <comp ref="U40">
      <value>0603WAF1001T5E</value>
      <footprint>Resistor_SMD:R_0603_1608Metric</footprint>
      <fields>
        <field name="JCLC">C21190</field>
        <field name="R">1KΩ</field>
      </fields>
      <libsource lib="JLCPCB" part="0603WAF1001T5E" description="±1% ±100ppm/℃ 1kΩ 0.1W 0603 Chip Resistor - Surface Mount ROHS"/>
      <sheetpath names="/" tstamps="/"/>
      <tstamp>640C3605</tstamp>
    </comp>
    <comp ref="U42">
      <value>0603WAF1001T5E</value>
      <footprint>Resistor_SMD:R_0603_1608Metric</footprint>
      <fields>
        <field name="JCLC">C21190</field>
        <field name="R">1KΩ</field>
      </fields>
      <libsource lib="JLCPCB" part="0603WAF1001T5E" description="±1% ±100ppm/℃ 1kΩ 0.1W 0603 Chip Resistor - Surface Mount ROHS"/>
      <sheetpath names="/" tstamps="/"/>
      <tstamp>640C361B</tstamp>
    </comp>
    <comp ref="U44">
      <value>0603WAF1001T5E</value>
      <footprint>Resistor_SMD:R_0603_1608Metric</footprint>
      <fields>
        <field name="JCLC">C21190</field>
        <field name="R">1KΩ</field>
      </fields>
      <libsource lib="JLCPCB" part="0603WAF1001T5E" description="±1% ±100ppm/℃ 1kΩ 0.1W 0603 Chip Resistor - Surface Mount ROHS"/>
      <sheetpath names="/" tstamps="/"/>
      <tstamp>640C3631</tstamp>
    </comp>
    <comp ref="U46">
      <value>0603WAF1001T5E</value>
      <footprint>Resistor_SMD:R_0603_1608Metric</footprint>
      <fields>
        <field name="JCLC">C21190</field>
        <field name="R">1KΩ</field>
      </fields>
      <libsource lib="JLCPCB" part="0603WAF1001T5E" description="±1% ±100ppm/℃ 1kΩ 0.1W 0603 Chip Resistor - Surface Mount ROHS"/>
      <sheetpath names="/" tstamps="/"/>
      <tstamp>640C3647</tstamp>
    </comp>
    <comp ref="U48">
      <value>0603WAF1001T5E</value>
      <footprint>Resistor_SMD:R_0603_1608Metric</footprint>
      <fields>
        <field name="JCLC">C21190</field>
        <field name="R">1KΩ</field>
      </fields>
      <libsource lib="JLCPCB" part="0603WAF1001T5E" description="±1% ±100ppm/℃ 1kΩ 0.1W 0603 Chip Resistor - Surface Mount ROHS"/>
      <sheetpath names="/" tstamps="/"/>
      <tstamp>640C365D</tstamp>
    </comp>
    <comp ref="U50">
      <value>0603WAF1001T5E</value>
      <footprint>Resistor_SMD:R_0603_1608Metric</footprint>
      <fields>
        <field name="JCLC">C21190</field>
        <field name="R">1KΩ</field>
      </fields>
      <libsource lib="JLCPCB" part="0603WAF1001T5E" description="±1% ±100ppm/℃ 1kΩ 0.1W 0603 Chip Resistor - Surface Mount ROHS"/>
      <sheetpath names="/" tstamps="/"/>
      <tstamp>640C3673</tstamp>
    </comp>
    <comp ref="U52">
      <value>0603WAF1001T5E</value>
      <footprint>Resistor_SMD:R_0603_1608Metric</footprint>
      <fields>
        <field name="JCLC">C21190</field>
        <field name="R">1KΩ</field>
      </fields>
      <libsource lib="JLCPCB" part="0603WAF1001T5E" description="±1% ±100ppm/℃ 1kΩ 0.1W 0603 Chip Resistor - Surface Mount ROHS"/>
      <sheetpath names="/" tstamps="/"/>
      <tstamp>640DCED0</tstamp>
    </comp>
    <comp ref="U54">
      <value>0603WAF1001T5E</value>
      <footprint>Resistor_SMD:R_0603_1608Metric</footprint>
      <fields>
        <field name="JCLC">C21190</field>
        <field name="R">1KΩ</field>
      </fields>
      <libsource lib="JLCPCB" part="0603WAF1001T5E" description="±1% ±100ppm/℃ 1kΩ 0.1W 0603 Chip Resistor - Surface Mount ROHS"/>
      <sheetpath names="/" tstamps="/"/>
      <tstamp>640DCEE6</tstamp>
    </comp>
    <comp ref="U56">
      <value>0603WAF1001T5E</value>
      <footprint>Resistor_SMD:R_0603_1608Metric</footprint>
      <fields>
        <field name="JCLC">C21190</field>
        <field name="R">1KΩ</field>
      </fields>
      <libsource lib="JLCPCB" part="0603WAF1001T5E" description="±1% ±100ppm/℃ 1kΩ 0.1W 0603 Chip Resistor - Surface Mount ROHS"/>
      <sheetpath names="/" tstamps="/"/>
      <tstamp>640DCEFC</tstamp>
    </comp>
    <comp ref="U58">
      <value>0603WAF1001T5E</value>
      <footprint>Resistor_SMD:R_0603_1608Metric</footprint>
      <fields>
        <field name="JCLC">C21190</field>
        <field name="R">1KΩ</field>
      </fields>
      <libsource lib="JLCPCB" part="0603WAF1001T5E" description="±1% ±100ppm/℃ 1kΩ 0.1W 0603 Chip Resistor - Surface Mount ROHS"/>
      <sheetpath names="/" tstamps="/"/>
      <tstamp>640DCF12</tstamp>
    </comp>
    <comp ref="U60">
      <value>0603WAF1001T5E</value>
      <footprint>Resistor_SMD:R_0603_1608Metric</footprint>
      <fields>
        <field name="JCLC">C21190</field>
        <field name="R">1KΩ</field>
      </fields>
      <libsource lib="JLCPCB" part="0603WAF1001T5E" description="±1% ±100ppm/℃ 1kΩ 0.1W 0603 Chip Resistor - Surface Mount ROHS"/>
      <sheetpath names="/" tstamps="/"/>
      <tstamp>640DCF28</tstamp>
    </comp>
    <comp ref="U62">
      <value>0603WAF1001T5E</value>
      <footprint>Resistor_SMD:R_0603_1608Metric</footprint>
      <fields>
        <field name="JCLC">C21190</field>
        <field name="R">1KΩ</field>
      </fields>
      <libsource lib="JLCPCB" part="0603WAF1001T5E" description="±1% ±100ppm/℃ 1kΩ 0.1W 0603 Chip Resistor - Surface Mount ROHS"/>
      <sheetpath names="/" tstamps="/"/>
      <tstamp>640DCF3E</tstamp>
    </comp>
    <comp ref="U64">
      <value>0603WAF1001T5E</value>
      <footprint>Resistor_SMD:R_0603_1608Metric</footprint>
      <fields>
        <field name="JCLC">C21190</field>
        <field name="R">1KΩ</field>
      </fields>
      <libsource lib="JLCPCB" part="0603WAF1001T5E" description="±1% ±100ppm/℃ 1kΩ 0.1W 0603 Chip Resistor - Surface Mount ROHS"/>
      <sheetpath names="/" tstamps="/"/>
      <tstamp>640DCF54</tstamp>
    </comp>
    <comp ref="U66">
      <value>0603WAF1001T5E</value>
      <footprint>Resistor_SMD:R_0603_1608Metric</footprint>
      <fields>
        <field name="JCLC">C21190</field>
        <field name="R">1KΩ</field>
      </fields>
      <libsource lib="JLCPCB" part="0603WAF1001T5E" description="±1% ±100ppm/℃ 1kΩ 0.1W 0603 Chip Resistor - Surface Mount ROHS"/>
      <sheetpath names="/" tstamps="/"/>
      <tstamp>640DCF6A</tstamp>
    </comp>
    <comp ref="U1">
      <value>0603WAF1001T5E</value>
      <footprint>Resistor_SMD:R_0603_1608Metric</footprint>
      <fields>
        <field name="JCLC">C21190</field>
        <field name="R">1KΩ</field>
      </fields>
      <libsource lib="JLCPCB" part="0603WAF1001T5E" description="±1% ±100ppm/℃ 1kΩ 0.1W 0603 Chip Resistor - Surface Mount ROHS"/>
      <sheetpath names="/" tstamps="/"/>
      <tstamp>67B5B022</tstamp>
    </comp>
    <comp ref="U34">
      <value>0603WAF1001T5E</value>
      <footprint>Resistor_SMD:R_0603_1608Metric</footprint>
      <fields>
        <field name="JCLC">C21190</field>
        <field name="R">1KΩ</field>
      </fields>
      <libsource lib="JLCPCB" part="0603WAF1001T5E" description="±1% ±100ppm/℃ 1kΩ 0.1W 0603 Chip Resistor - Surface Mount ROHS"/>
      <sheetpath names="/" tstamps="/"/>
      <tstamp>67B5B758</tstamp>
    </comp>
    <comp ref="U69">
      <value>0603WAF1001T5E</value>
      <footprint>Resistor_SMD:R_0603_1608Metric</footprint>
      <fields>
        <field name="JCLC">C21190</field>
        <field name="R">1KΩ</field>
      </fields>
      <libsource lib="JLCPCB" part="0603WAF1001T5E" description="±1% ±100ppm/℃ 1kΩ 0.1W 0603 Chip Resistor - Surface Mount ROHS"/>
      <sheetpath names="/" tstamps="/"/>
      <tstamp>67B5B93E</tstamp>
    </comp>
    <comp ref="U70">
      <value>0603WAF1001T5E</value>
      <footprint>Resistor_SMD:R_0603_1608Metric</footprint>
      <fields>
        <field name="JCLC">C21190</field>
        <field name="R">1KΩ</field>
      </fields>
      <libsource lib="JLCPCB" part="0603WAF1001T5E" description="±1% ±100ppm/℃ 1kΩ 0.1W 0603 Chip Resistor - Surface Mount ROHS"/>
      <sheetpath names="/" tstamps="/"/>
      <tstamp>67B5BC0F</tstamp>
    </comp>
    <comp ref="C1">
      <value>0603B103K500NT</value>
      <footprint>Capacitor_SMD:C_0603_1608Metric</footprint>
      <datasheet>https://datasheet.lcsc.com/lcsc/2102081402_FH-Guangdong-Fenghua-Advanced-Tech-0603B103K500NT_C57112.pdf</datasheet>
      <fields>
        <field name="C">10nF</field>
        <field name="Description">X7R ±10% 50V 10nF 0603 Multilayer Ceramic Capacitors MLCC - SMD/SMT ROHS</field>
        <field name="JCLC">C57112</field>
      </fields>
      <libsource lib="JLCPCB" part="0603B103K500NT" description="10nF / 0.01µF Unpolarized capacitor"/>
      <sheetpath names="/" tstamps="/"/>
      <tstamp>67CAB9D1</tstamp>
    </comp>
    <comp ref="C2">
      <value>SMD-ECAP-5x5.8</value>
      <footprint>Capacitor_SMD:CP_Elec_5x5.8</footprint>
      <datasheet>https://datasheet.lcsc.com/lcsc/1810010225_Lelon-VZS101M1ATR-0506_C140924.pdf</datasheet>
      <fields>
        <field name="C">100µf</field>
        <field name="Description">- - 5mm 100uF 10V -45℃~+105℃ ±20% 5.8mm 2000hrs 105℃ SMD,5x5.8mm Aluminum Electrolytic Capacitors - SMD ROHS</field>
        <field name="JCLC">C140924</field>
        <field name="JLCPCB">C140924</field>
      </fields>
      <libsource lib="Device" part="CP1_Small" description="Polarized capacitor, small US symbol"/>
      <sheetpath names="/" tstamps="/"/>
      <tstamp>67CF1715</tstamp>
    </comp>
  </components>
  <libparts>
    <libpart lib="Connector_Generic" part="Conn_01x08">
      <description>Generic connector, single row, 01x08, script generated (kicad-library-utils/schlib/autogen/connector/)</description>
      <docs>~</docs>
      <footprints>
        <fp>Connector*:*_1x??_*</fp>
      </footprints>
      <fields>
        <field name="Reference">J</field>
        <field name="Value">Conn_01x08</field>
      </fields>
      <pins>
        <pin num="1" name="Pin_1" type="passive"/>
        <pin num="2" name="Pin_2" type="passive"/>
        <pin num="3" name="Pin_3" type="passive"/>
        <pin num="4" name="Pin_4" type="passive"/>
        <pin num="5" name="Pin_5" type="passive"/>
        <pin num="6" name="Pin_6" type="passive"/>
        <pin num="7" name="Pin_7" type="passive"/>
        <pin num="8" name="Pin_8" type="passive"/>
      </pins>
    </libpart>
    <libpart lib="Connector_Generic" part="Conn_01x16">
      <description>Generic connector, single row, 01x16, script generated (kicad-library-utils/schlib/autogen/connector/)</description>
      <docs>~</docs>
      <footprints>
        <fp>Connector*:*_1x??_*</fp>
      </footprints>
      <fields>
        <field name="Reference">J</field>
        <field name="Value">Conn_01x16</field>
      </fields>
      <pins>
        <pin num="1" name="Pin_1" type="passive"/>
        <pin num="2" name="Pin_2" type="passive"/>
        <pin num="3" name="Pin_3" type="passive"/>
        <pin num="4" name="Pin_4" type="passive"/>
        <pin num="5" name="Pin_5" type="passive"/>
        <pin num="6" name="Pin_6" type="passive"/>
        <pin num="7" name="Pin_7" type="passive"/>
        <pin num="8" name="Pin_8" type="passive"/>
        <pin num="9" name="Pin_9" type="passive"/>
        <pin num="10" name="Pin_10" type="passive"/>
        <pin num="11" name="Pin_11" type="passive"/>
        <pin num="12" name="Pin_12" type="passive"/>
        <pin num="13" name="Pin_13" type="passive"/>
        <pin num="14" name="Pin_14" type="passive"/>
        <pin num="15" name="Pin_15" type="passive"/>
        <pin num="16" name="Pin_16" type="passive"/>
      </pins>
    </libpart>
    <libpart lib="Connector_Generic" part="Conn_01x18">
      <description>Generic connector, single row, 01x18, script generated (kicad-library-utils/schlib/autogen/connector/)</description>
      <docs>~</docs>
      <footprints>
        <fp>Connector*:*_1x??_*</fp>
      </footprints>
      <fields>
        <field name="Reference">J</field>
        <field name="Value">Conn_01x18</field>
      </fields>
      <pins>
        <pin num="1" name="Pin_1" type="passive"/>
        <pin num="2" name="Pin_2" type="passive"/>
        <pin num="3" name="Pin_3" type="passive"/>
        <pin num="4" name="Pin_4" type="passive"/>
        <pin num="5" name="Pin_5" type="passive"/>
        <pin num="6" name="Pin_6" type="passive"/>
        <pin num="7" name="Pin_7" type="passive"/>
        <pin num="8" name="Pin_8" type="passive"/>
        <pin num="9" name="Pin_9" type="passive"/>
        <pin num="10" name="Pin_10" type="passive"/>
        <pin num="11" name="Pin_11" type="passive"/>
        <pin num="12" name="Pin_12" type="passive"/>
        <pin num="13" name="Pin_13" type="passive"/>
        <pin num="14" name="Pin_14" type="passive"/>
        <pin num="15" name="Pin_15" type="passive"/>
        <pin num="16" name="Pin_16" type="passive"/>
        <pin num="17" name="Pin_17" type="passive"/>
        <pin num="18" name="Pin_18" type="passive"/>
      </pins>
    </libpart>
    <libpart lib="Device" part="CP1_Small">
      <description>Polarized capacitor, small US symbol</description>
      <docs>~</docs>
      <footprints>
        <fp>CP_*</fp>
      </footprints>
      <fields>
        <field name="Reference">C</field>
        <field name="Value">CP1_Small</field>
      </fields>
      <pins>
        <pin num="1" name="~" type="passive"/>
        <pin num="2" name="~" type="passive"/>
      </pins>
    </libpart>
    <libpart lib="JLCPCB" part="0603B103K500NT">
      <description>10nF / 0.01µF Unpolarized capacitor</description>
      <docs>https://datasheet.lcsc.com/lcsc/2102081402_FH-Guangdong-Fenghua-Advanced-Tech-0603B103K500NT_C57112.pdf</docs>
      <footprints>
        <fp>C_*</fp>
      </footprints>
      <fields>
        <field name="Reference">C</field>
        <field name="Value">0603B103K500NT</field>
        <field name="Footprint">Capacitor_SMD:C_0603_1608Metric</field>
        <field name="JCLC">C57112</field>
        <field name="C">10nF</field>
        <field name="Description">X7R ±10% 50V 10nF 0603 Multilayer Ceramic Capacitors MLCC - SMD/SMT ROHS</field>
      </fields>
      <pins>
        <pin num="1" name="~" type="passive"/>
        <pin num="2" name="~" type="passive"/>
      </pins>
    </libpart>
    <libpart lib="JLCPCB" part="0603WAF1001T5E">
      <description>±1% ±100ppm/℃ 1kΩ 0.1W 0603 Chip Resistor - Surface Mount ROHS</description>
      <fields>
        <field name="Reference">U</field>
        <field name="Value">0603WAF1001T5E</field>
        <field name="Footprint">Resistor_SMD:R_0603_1608Metric</field>
        <field name="JCLC">C21190</field>
        <field name="R">1KΩ</field>
      </fields>
      <pins>
        <pin num="1" name="~" type="passive"/>
        <pin num="2" name="~" type="passive"/>
      </pins>
    </libpart>
    <libpart lib="JLCPCB" part="19-213_Y2C-CQ2R2L_3T(CY)">
      <description>BASIC - Yellow 585.5~591.5nm 0603 Light Emitting Diodes (LED) ROHS</description>
      <fields>
        <field name="Reference">U</field>
        <field name="Value">19-213_Y2C-CQ2R2L_3T(CY)</field>
        <field name="Footprint">LED_SMD:LED_0603_1608Metric</field>
        <field name="Description">Yellow 585.5~591.5nm 0603 Light Emitting Diodes (LED) ROHS</field>
        <field name="JCLC">C72038</field>
        <field name="Color">YLW</field>
      </fields>
      <pins>
        <pin num="1" name="K" type="passive"/>
        <pin num="2" name="A" type="passive"/>
      </pins>
    </libpart>
    <libpart lib="JLCPCB" part="19-217_GHC-YR1S2_3T">
      <description>BASIC - Green 520~535nm - 0603 Light Emitting Diodes (LED) ROHS</description>
      <fields>
        <field name="Reference">U</field>
        <field name="Value">19-217_GHC-YR1S2_3T</field>
        <field name="Footprint">LED_SMD:LED_0603_1608Metric</field>
        <field name="Description">Green 520~535nm - 0603 Light Emitting Diodes (LED) ROHS</field>
        <field name="JCLC">C72043</field>
        <field name="Color">GRN</field>
      </fields>
      <pins>
        <pin num="1" name="K" type="passive"/>
        <pin num="2" name="A" type="passive"/>
      </pins>
    </libpart>
    <libpart lib="JLCPCB" part="74HC08D,653">
      <description>Quad And2</description>
      <docs>https://datasheet.lcsc.com/lcsc/2006241032_Nexperia-74HC08D,653_C5593.pdf</docs>
      <footprints>
        <fp>DIP*W7.62mm*</fp>
      </footprints>
      <fields>
        <field name="Reference">U</field>
        <field name="Value">74HC08D,653</field>
        <field name="Footprint">Package_SO:SOIC-14_3.9x8.7mm_P1.27mm</field>
        <field name="JCLC">C5593</field>
      </fields>
      <pins>
        <pin num="1" name="~" type="input"/>
        <pin num="2" name="~" type="input"/>
        <pin num="3" name="~" type="output"/>
        <pin num="4" name="~" type="input"/>
        <pin num="5" name="~" type="input"/>
        <pin num="6" name="~" type="output"/>
        <pin num="7" name="GND" type="power_in"/>
        <pin num="8" name="~" type="output"/>
        <pin num="9" name="~" type="input"/>
        <pin num="10" name="~" type="input"/>
        <pin num="11" name="~" type="output"/>
        <pin num="12" name="~" type="input"/>
        <pin num="13" name="~" type="input"/>
        <pin num="14" name="VCC" type="power_in"/>
      </pins>
    </libpart>
    <libpart lib="JLCPCB" part="IS61WV25616BLL-10TLI">
      <description>Parallel 4Mb (256K x 16) 2.4V ~ 3.6V Volatile TSOP(II)-44 SRAM ROHS</description>
      <docs>https://datasheet.lcsc.com/lcsc/1810101110_ISSI-Integrated-Silicon-Solution-IS61WV25616BLL-10TLI_C53825.pdf</docs>
      <fields>
        <field name="Reference">U</field>
        <field name="Value">IS61WV25616BLL-10TLI</field>
        <field name="Footprint">Package_SO:TSOP-II-44_10.16x18.41mm_P0.8mm</field>
        <field name="JCLC">C53825</field>
        <field name="D">SRAM</field>
      </fields>
      <pins>
        <pin num="1" name="A0" type="input"/>
        <pin num="2" name="A1" type="input"/>
        <pin num="3" name="A2" type="input"/>
        <pin num="4" name="A3" type="input"/>
        <pin num="5" name="A4" type="input"/>
        <pin num="6" name="~CE" type="input"/>
        <pin num="7" name="I/O0" type="BiDi"/>
        <pin num="8" name="I/O1" type="BiDi"/>
        <pin num="9" name="I/O2" type="BiDi"/>
        <pin num="10" name="I/O3" type="BiDi"/>
        <pin num="11" name="VDD" type="power_in"/>
        <pin num="12" name="GND" type="power_in"/>
        <pin num="13" name="I/O4" type="BiDi"/>
        <pin num="14" name="I/O5" type="BiDi"/>
        <pin num="15" name="I/O6" type="BiDi"/>
        <pin num="16" name="I/O7" type="BiDi"/>
        <pin num="17" name="~WE" type="input"/>
        <pin num="18" name="A5" type="input"/>
        <pin num="19" name="A6" type="input"/>
        <pin num="20" name="A7" type="input"/>
        <pin num="21" name="A8" type="input"/>
        <pin num="22" name="A9" type="input"/>
        <pin num="23" name="A10" type="input"/>
        <pin num="24" name="A11" type="input"/>
        <pin num="25" name="A12" type="input"/>
        <pin num="26" name="A13" type="input"/>
        <pin num="27" name="A14" type="input"/>
        <pin num="28" name="NC" type="input"/>
        <pin num="29" name="I/O8" type="BiDi"/>
        <pin num="30" name="I/O9" type="BiDi"/>
        <pin num="31" name="I/O10" type="BiDi"/>
        <pin num="32" name="I/O11" type="BiDi"/>
        <pin num="33" name="VDD" type="BiDi"/>
        <pin num="34" name="GND" type="BiDi"/>
        <pin num="35" name="I/O12" type="BiDi"/>
        <pin num="36" name="I/O13" type="BiDi"/>
        <pin num="37" name="I/O14" type="BiDi"/>
        <pin num="38" name="I/O15" type="BiDi"/>
        <pin num="39" name="~LB" type="input"/>
        <pin num="40" name="~UB" type="input"/>
        <pin num="41" name="~OE" type="input"/>
        <pin num="42" name="A15" type="input"/>
        <pin num="43" name="A16" type="input"/>
        <pin num="44" name="A17" type="input"/>
      </pins>
    </libpart>
  </libparts>
  <libraries>
    <library logical="Connector_Generic">
      <uri>/Library/Application Support/kicad/library/Connector_Generic.lib</uri>
    </library>
    <library logical="Device">
      <uri>/Library/Application Support/kicad/library/Device.lib</uri>
    </library>
    <library logical="JLCPCB">
      <uri>/Users/stephenyoung/KiCad/8-bit-computer/Libraries/JLCPCB.lib</uri>
    </library>
  </libraries>
  <nets>
    <net code="1" name="Net-(U2-Pad1)">
      <node ref="U3" pin="1"/>
      <node ref="U2" pin="1"/>
    </net>
    <net code="2" name="GND">
      <node ref="U7" pin="2"/>
      <node ref="J1" pin="2"/>
      <node ref="U9" pin="2"/>
      <node ref="U11" pin="2"/>
      <node ref="U13" pin="2"/>
      <node ref="U68" pin="7"/>
      <node ref="U15" pin="2"/>
      <node ref="U17" pin="2"/>
      <node ref="U19" pin="2"/>
      <node ref="U21" pin="2"/>
      <node ref="U38" pin="2"/>
      <node ref="U23" pin="2"/>
      <node ref="U25" pin="2"/>
      <node ref="U27" pin="2"/>
      <node ref="U29" pin="2"/>
      <node ref="U31" pin="2"/>
      <node ref="U67" pin="34"/>
      <node ref="U33" pin="2"/>
      <node ref="U36" pin="2"/>
      <node ref="U3" pin="2"/>
      <node ref="U5" pin="2"/>
      <node ref="C2" pin="2"/>
      <node ref="C1" pin="2"/>
      <node ref="U70" pin="1"/>
      <node ref="U69" pin="1"/>
      <node ref="U34" pin="1"/>
      <node ref="U1" pin="1"/>
      <node ref="U66" pin="2"/>
      <node ref="U64" pin="2"/>
      <node ref="U62" pin="2"/>
      <node ref="U60" pin="2"/>
      <node ref="U58" pin="2"/>
      <node ref="U56" pin="2"/>
      <node ref="U54" pin="2"/>
      <node ref="U52" pin="2"/>
      <node ref="U67" pin="12"/>
      <node ref="U50" pin="2"/>
      <node ref="U48" pin="2"/>
      <node ref="U46" pin="2"/>
      <node ref="U44" pin="2"/>
      <node ref="U42" pin="2"/>
      <node ref="U40" pin="2"/>
    </net>
    <net code="3" name="Net-(U5-Pad1)">
      <node ref="U5" pin="1"/>
      <node ref="U6" pin="1"/>
    </net>
    <net code="4" name="Net-(U10-Pad1)">
      <node ref="U7" pin="1"/>
      <node ref="U10" pin="1"/>
    </net>
    <net code="5" name="Net-(U14-Pad1)">
      <node ref="U9" pin="1"/>
      <node ref="U14" pin="1"/>
    </net>
    <net code="6" name="Net-(U11-Pad1)">
      <node ref="U11" pin="1"/>
      <node ref="U18" pin="1"/>
    </net>
    <net code="7" name="Net-(U13-Pad1)">
      <node ref="U22" pin="1"/>
      <node ref="U13" pin="1"/>
    </net>
    <net code="8" name="Net-(U15-Pad1)">
      <node ref="U26" pin="1"/>
      <node ref="U15" pin="1"/>
    </net>
    <net code="9" name="Net-(U17-Pad1)">
      <node ref="U30" pin="1"/>
      <node ref="U17" pin="1"/>
    </net>
    <net code="10" name="Net-(U19-Pad1)">
      <node ref="U35" pin="1"/>
      <node ref="U19" pin="1"/>
    </net>
    <net code="11" name="Net-(U21-Pad1)">
      <node ref="U39" pin="1"/>
      <node ref="U21" pin="1"/>
    </net>
    <net code="12" name="Net-(U23-Pad1)">
      <node ref="U43" pin="1"/>
      <node ref="U23" pin="1"/>
    </net>
    <net code="13" name="Net-(U25-Pad1)">
      <node ref="U47" pin="1"/>
      <node ref="U25" pin="1"/>
    </net>
    <net code="14" name="Net-(U27-Pad1)">
      <node ref="U51" pin="1"/>
      <node ref="U27" pin="1"/>
    </net>
    <net code="15" name="Net-(U29-Pad1)">
      <node ref="U55" pin="1"/>
      <node ref="U29" pin="1"/>
    </net>
    <net code="16" name="Net-(U31-Pad1)">
      <node ref="U59" pin="1"/>
      <node ref="U31" pin="1"/>
    </net>
    <net code="17" name="Net-(U33-Pad1)">
      <node ref="U33" pin="1"/>
      <node ref="U63" pin="1"/>
    </net>
    <net code="18" name="/IO0">
      <node ref="J3" pin="16"/>
      <node ref="U67" pin="7"/>
      <node ref="U63" pin="2"/>
    </net>
    <net code="19" name="/IO1">
      <node ref="U59" pin="2"/>
      <node ref="J3" pin="15"/>
      <node ref="U67" pin="8"/>
    </net>
    <net code="20" name="/IO2">
      <node ref="U67" pin="9"/>
      <node ref="U55" pin="2"/>
      <node ref="J3" pin="14"/>
    </net>
    <net code="21" name="/IO3">
      <node ref="U67" pin="10"/>
      <node ref="J3" pin="13"/>
      <node ref="U51" pin="2"/>
    </net>
    <net code="22" name="/IO4">
      <node ref="U67" pin="13"/>
      <node ref="J3" pin="12"/>
      <node ref="U47" pin="2"/>
    </net>
    <net code="23" name="/IO5">
      <node ref="U43" pin="2"/>
      <node ref="J3" pin="11"/>
      <node ref="U67" pin="14"/>
    </net>
    <net code="24" name="/IO6">
      <node ref="U67" pin="15"/>
      <node ref="U39" pin="2"/>
      <node ref="J3" pin="10"/>
    </net>
    <net code="25" name="/IO7">
      <node ref="U67" pin="16"/>
      <node ref="J3" pin="9"/>
      <node ref="U35" pin="2"/>
    </net>
    <net code="26" name="/IO8">
      <node ref="U67" pin="29"/>
      <node ref="U30" pin="2"/>
      <node ref="J3" pin="8"/>
    </net>
    <net code="27" name="/IO9">
      <node ref="J3" pin="7"/>
      <node ref="U67" pin="30"/>
      <node ref="U26" pin="2"/>
    </net>
    <net code="28" name="/IO10">
      <node ref="U67" pin="31"/>
      <node ref="U22" pin="2"/>
      <node ref="J3" pin="6"/>
    </net>
    <net code="29" name="/IO11">
      <node ref="U18" pin="2"/>
      <node ref="U67" pin="32"/>
      <node ref="J3" pin="5"/>
    </net>
    <net code="30" name="/IO12">
      <node ref="U14" pin="2"/>
      <node ref="U67" pin="35"/>
      <node ref="J3" pin="4"/>
    </net>
    <net code="31" name="/IO13">
      <node ref="J3" pin="3"/>
      <node ref="U10" pin="2"/>
      <node ref="U67" pin="36"/>
    </net>
    <net code="32" name="/IO14">
      <node ref="U67" pin="37"/>
      <node ref="U6" pin="2"/>
      <node ref="J3" pin="2"/>
    </net>
    <net code="33" name="/IO15">
      <node ref="J3" pin="1"/>
      <node ref="U67" pin="38"/>
      <node ref="U2" pin="2"/>
    </net>
    <net code="34" name="/A15">
      <node ref="U67" pin="42"/>
      <node ref="J2" pin="16"/>
      <node ref="U4" pin="2"/>
    </net>
    <net code="35" name="/A14">
      <node ref="U67" pin="27"/>
      <node ref="J2" pin="15"/>
      <node ref="U8" pin="2"/>
    </net>
    <net code="36" name="/A13">
      <node ref="J2" pin="14"/>
      <node ref="U67" pin="26"/>
      <node ref="U12" pin="2"/>
    </net>
    <net code="37" name="/A12">
      <node ref="J2" pin="13"/>
      <node ref="U67" pin="25"/>
      <node ref="U16" pin="2"/>
    </net>
    <net code="38" name="/A11">
      <node ref="J2" pin="12"/>
      <node ref="U20" pin="2"/>
      <node ref="U67" pin="24"/>
    </net>
    <net code="39" name="/A10">
      <node ref="J2" pin="11"/>
      <node ref="U67" pin="23"/>
      <node ref="U24" pin="2"/>
    </net>
    <net code="40" name="/A09">
      <node ref="J2" pin="10"/>
      <node ref="U67" pin="22"/>
      <node ref="U28" pin="2"/>
    </net>
    <net code="41" name="/A08">
      <node ref="U67" pin="21"/>
      <node ref="J2" pin="9"/>
      <node ref="U32" pin="2"/>
    </net>
    <net code="42" name="/A07">
      <node ref="U37" pin="2"/>
      <node ref="U67" pin="20"/>
      <node ref="J2" pin="8"/>
    </net>
    <net code="43" name="/A06">
      <node ref="U41" pin="2"/>
      <node ref="U67" pin="19"/>
      <node ref="J2" pin="7"/>
    </net>
    <net code="44" name="/A05">
      <node ref="J2" pin="6"/>
      <node ref="U67" pin="18"/>
      <node ref="U45" pin="2"/>
    </net>
    <net code="45" name="/A04">
      <node ref="J2" pin="5"/>
      <node ref="U67" pin="5"/>
      <node ref="U49" pin="2"/>
    </net>
    <net code="46" name="/A03">
      <node ref="J2" pin="4"/>
      <node ref="U53" pin="2"/>
      <node ref="U67" pin="4"/>
    </net>
    <net code="47" name="/A02">
      <node ref="U57" pin="2"/>
      <node ref="U67" pin="3"/>
      <node ref="J2" pin="3"/>
    </net>
    <net code="48" name="/A01">
      <node ref="U61" pin="2"/>
      <node ref="J2" pin="2"/>
      <node ref="U67" pin="2"/>
    </net>
    <net code="49" name="/A00">
      <node ref="U67" pin="1"/>
      <node ref="J2" pin="1"/>
      <node ref="U65" pin="2"/>
    </net>
    <net code="50" name="VCC">
      <node ref="J1" pin="1"/>
      <node ref="C1" pin="1"/>
      <node ref="U67" pin="11"/>
      <node ref="U67" pin="33"/>
      <node ref="C2" pin="1"/>
      <node ref="U68" pin="14"/>
    </net>
    <net code="51" name="Net-(U67-Pad28)">
      <node ref="U67" pin="28"/>
    </net>
    <net code="52" name="~OE">
      <node ref="U67" pin="41"/>
      <node ref="J1" pin="5"/>
      <node ref="U1" pin="2"/>
    </net>
    <net code="53" name="WE">
      <node ref="U68" pin="1"/>
      <node ref="J1" pin="4"/>
    </net>
    <net code="54" name="Net-(U67-Pad17)">
      <node ref="U67" pin="17"/>
      <node ref="U68" pin="3"/>
    </net>
    <net code="55" name="CP">
      <node ref="U68" pin="2"/>
      <node ref="J1" pin="3"/>
    </net>
    <net code="56" name="Net-(J2-Pad18)">
      <node ref="J2" pin="18"/>
      <node ref="U67" pin="44"/>
    </net>
    <net code="57" name="Net-(U65-Pad1)">
      <node ref="U66" pin="1"/>
      <node ref="U65" pin="1"/>
    </net>
    <net code="58" name="Net-(U61-Pad1)">
      <node ref="U61" pin="1"/>
      <node ref="U64" pin="1"/>
    </net>
    <net code="59" name="Net-(U57-Pad1)">
      <node ref="U62" pin="1"/>
      <node ref="U57" pin="1"/>
    </net>
    <net code="60" name="Net-(U53-Pad1)">
      <node ref="U60" pin="1"/>
      <node ref="U53" pin="1"/>
    </net>
    <net code="61" name="Net-(U49-Pad1)">
      <node ref="U49" pin="1"/>
      <node ref="U58" pin="1"/>
    </net>
    <net code="62" name="Net-(U45-Pad1)">
      <node ref="U45" pin="1"/>
      <node ref="U56" pin="1"/>
    </net>
    <net code="63" name="Net-(U41-Pad1)">
      <node ref="U54" pin="1"/>
      <node ref="U41" pin="1"/>
    </net>
    <net code="64" name="Net-(U37-Pad1)">
      <node ref="U52" pin="1"/>
      <node ref="U37" pin="1"/>
    </net>
    <net code="65" name="Net-(U32-Pad1)">
      <node ref="U50" pin="1"/>
      <node ref="U32" pin="1"/>
    </net>
    <net code="66" name="Net-(U28-Pad1)">
      <node ref="U48" pin="1"/>
      <node ref="U28" pin="1"/>
    </net>
    <net code="67" name="Net-(U24-Pad1)">
      <node ref="U24" pin="1"/>
      <node ref="U46" pin="1"/>
    </net>
    <net code="68" name="Net-(U20-Pad1)">
      <node ref="U44" pin="1"/>
      <node ref="U20" pin="1"/>
    </net>
    <net code="69" name="Net-(U16-Pad1)">
      <node ref="U42" pin="1"/>
      <node ref="U16" pin="1"/>
    </net>
    <net code="70" name="Net-(U12-Pad1)">
      <node ref="U40" pin="1"/>
      <node ref="U12" pin="1"/>
    </net>
    <net code="71" name="Net-(U38-Pad1)">
      <node ref="U38" pin="1"/>
      <node ref="U8" pin="1"/>
    </net>
    <net code="72" name="Net-(U36-Pad1)">
      <node ref="U36" pin="1"/>
      <node ref="U4" pin="1"/>
    </net>
    <net code="74" name="Net-(J2-Pad17)">
      <node ref="U67" pin="43"/>
      <node ref="J2" pin="17"/>
    </net>
    <net code="75" name="~CE">
      <node ref="U70" pin="2"/>
      <node ref="J1" pin="8"/>
      <node ref="U67" pin="6"/>
    </net>
    <net code="76" name="~LB">
      <node ref="J1" pin="7"/>
      <node ref="U69" pin="2"/>
      <node ref="U67" pin="39"/>
    </net>
    <net code="77" name="~UB">
      <node ref="U67" pin="40"/>
      <node ref="J1" pin="6"/>
      <node ref="U34" pin="2"/>
    </net>
  </nets>
</export>
